# t,x,y
0.300,0.0016,-0.0036
58.501,1.0377,0.0394
60.501,2.0836,0.0791
62.100,3.1516,0.1147
63.901,4.1964,0.1964
65.600,5.2526,0.1670
67.501,6.2718,0.2867
69.301,7.2977,0.4111
70.901,8.3430,0.5489
72.401,9.3834,0.6605
73.901,10.4090,0.7152
75.401,11.4113,0.8097
76.802,12.4270,0.8636
78.302,13.4431,0.8373
80.001,14.5158,0.9324
81.501,15.5367,1.0477
83.202,16.5520,1.1235
84.802,17.5996,1.1465
86.302,18.6266,1.1366
87.802,19.6838,1.2310
89.502,20.7427,1.3733
91.002,21.7762,1.3699
92.503,22.7973,1.4685
93.903,23.8220,1.5508
95.603,24.8450,1.5647
97.303,25.8903,1.6056
98.903,26.9222,1.7029
100.703,27.9213,1.7828
102.503,28.9531,1.8697
104.303,29.9703,1.9802
106.003,31.0193,2.0875
108.003,32.0698,2.1281
110.104,33.1098,2.2704
112.104,34.1362,2.4573
113.903,35.1328,2.5630
115.504,36.1327,2.6141
117.603,37.1424,2.7639
119.304,38.1630,2.7709
120.804,39.1751,2.8553
122.404,40.2043,2.9963
124.104,41.1037,3.5172
125.704,41.7073,4.3815
127.304,42.0215,5.3766
128.805,41.8997,6.4034
130.404,41.5778,7.4130
131.803,41.1589,8.3301
133.404,40.5193,9.1547
135.004,40.0008,10.0449
137.203,39.5221,10.9466
139.404,39.1728,11.9125
141.604,39.0564,12.9429
143.704,38.8726,13.9680
146.003,38.7491,14.9785
151.403,37.7500,14.9173
153.904,36.7472,14.8209
155.804,35.7197,14.7276
157.805,34.7237,14.5943
159.905,33.6975,14.5222
162.005,32.6734,14.4435
163.905,31.6405,14.3766
165.805,30.6085,14.2557
167.605,29.5601,14.2296
169.206,28.5073,14.1748
170.706,27.4459,14.0899
172.106,26.3943,13.9866
173.506,25.3755,13.8787
175.107,24.3319,13.7925
176.806,23.2704,13.7302
178.506,22.2616,13.7909
179.807,21.2351,13.7107
181.007,20.1773,13.6562
182.307,19.1329,13.5647
183.607,18.0992,13.4747
185.007,17.0055,13.4736
186.307,15.9750,13.3033
187.607,14.9279,13.1211
188.806,13.8999,13.1723
190.007,12.8829,13.1188
191.207,11.8749,12.9776
192.508,10.8108,12.9771
194.008,9.7683,13.0926
195.407,8.7713,12.9963
196.807,7.6957,12.9290
198.007,6.7061,12.7637
199.306,5.6992,12.7769
200.607,4.7036,12.6743
201.908,3.6623,12.5557
203.308,2.6113,12.5874
204.708,1.5570,12.5014
206.107,0.4997,12.5504
207.507,-0.5427,12.5750
208.708,-1.5726,12.4880
210.007,-2.6159,12.3910
211.208,-3.6410,12.3026
212.509,-4.6809,12.2757
213.808,-5.7415,12.1421
215.007,-6.8117,12.0065
216.208,-7.8539,11.7729
217.507,-8.9102,11.6504
218.807,-9.9639,11.5369
220.307,-11.1010,11.5072
221.707,-12.0951,11.3323
222.908,-13.1343,11.1829
224.209,-14.1903,11.1973
225.508,-15.2128,11.1944
226.908,-16.2458,11.1816
228.408,-17.2813,11.0561
230.109,-18.3202,10.9361
231.809,-19.3769,10.9240
233.509,-20.4147,10.8649
235.209,-21.4633,10.7378
237.909,-22.0622,9.9327
250.508,-22.2316,8.9407
253.310,-22.0167,7.9217
255.509,-21.9777,6.7692
257.410,-21.6864,5.7697
259.310,-21.7124,4.7435
260.911,-21.7116,3.7245
262.410,-21.6187,2.6947
263.810,-21.5449,1.6429
265.410,-21.4010,0.6173
266.810,-21.3587,-0.3881
269.111,-20.8542,-1.2608
271.511,-19.9652,-1.7188
274.011,-18.9160,-1.7691
275.611,-17.8422,-1.7645
277.110,-16.8370,-1.6468
278.711,-15.8166,-1.4913
280.510,-14.8110,-1.3349
282.511,-13.7711,-1.2425
284.111,-12.7872,-0.9203
286.112,-11.7783,-1.0789
287.612,-10.7657,-0.8776
289.111,-9.6965,-0.8505
290.712,-8.6657,-0.6988
292.512,-7.6475,-0.7615
294.713,-6.5989,-0.6931
296.312,-5.5621,-0.5909
298.313,-4.5694,-0.4452
300.212,-3.5485,-0.3853
301.913,-2.5152,-0.3177
303.913,-1.4893,-0.2300
306.013,-0.4953,-0.0970
311.012,0.1017,-0.0475
